target,text
0,couldn t get shit done today i m so screwed 
0,usrname ummm having some time warner problems 
0,send us your gm chevy photos 
0,i m itchy and miserable 
0,rt is now the time to buy a gm car 
0,is scrapbooking with nic 
0,new nike muppet commercials are pretty cute why do we live together again 
0,waiting in line at safeway 
0,wow everyone at the google i o conference got free g2 s with a month of unlimited service
0, barack obama shows his funny side &gt &gt great speech 
0,i seriously underestimated malcolm gladwell i want to meet this dude 
0,really don t feel like getting up today but got to study to for tomorrows practical exam 
0,rt the upside to time warner unhelpful phone operators superslow on-site service crap that s not an upside 
0,any twitter to aprs apps yet 
0,penndbad send me the dvd cos i have missed out on heaps not happy about that 
0,i m truly braindead i couldn t come up with warren buffet s name to save my soul
0,rt goodby silverstein s new site i enjoy it nice find 
0,is going to sleep then on a bike ride 
0,ugh 92 degrees tomorrow 
0,so tired i didn t sleep well at all last night 
0,wanttss to go out 
0,jquery ui 1 6 book review
0, right lol we ll get there i have high expectations warren buffet style 
0,borders closed at 10 
0,usrname i really liked usrname s learning jquery book is worth a look too
0,shout outs to all east palo alto for being in the buildin karizmakaze 50cal gta also thanks to profits of doom universal hempz cracka 
0,henkuyinepu it s overrated 
0,humpninja i cry my asian eyes to sleep at night 
0,grum wah i can t see clip must be el-stupido work filters can t wait till i get a puter something else 2 blame ex 4 he broke mine 
0,night at the museum 2 pretty furkin good 
0,devsnippets jquery tools - javascript ui components for the web 
0,so many channels yet so so boring lazy day again may have to find a hobby
0,shocked and saddened by this news i had no idea she was having any medical problems the world has lost a good journalist she will be missed so sorry for the loss of your colleague prayers for her family and friends 
0,learning jquery 1 3 book review - c=30629
0,ooooh lol that leslie and ok i won t do it again so leslie won t get mad again 
0,nvidia names stanford s bill dally chief scientist vp of research 
0,andywana not sure what they are only that they are pos as much as i want to i dont think can trade away company assets sorry andy 
0,heroes just isn t doing it for me this season 
0,son has me looking at cars online i hate car shopping would rather go to the dentist anyone with a good car at a good price to sell 
0,it s a bank holiday yet i m only out of work now exam season sucks 
0,just woke up an already have written some e-mail i ve to go early at university today as i have to teach at 8 30 am 
0,usrname - awesome seeing the show friday at the shoreline amphitheatre never seen nin before can t wait 
0,testing twitter api
0,staying at a friends house house sitting neighbors are so loud-having a party 
0,i m really loving the new search site wolfram alpha makes google seem so quaint 
0,new blog post nike sb dunk low premium white gum 
0,twitter stock buzz $aapl $es_f $spy $spx $palm updated 12 00 pm 
0,sad sad sad i don t know why but i hate this feeling i wanna sleep and i still can t 
0,stark you don t follow me either and i work for you 
0,usrname i finally got around to using jquery to make my bio collapse yay for slide animations 
0,this is cold i was looking at google s chart visualization api and found this jquery wrapper for the api 
0,opps as i said i still got one day remain and now problem come 
0,behind on my classes for work 
0,hanging in crooners wanna sing can t sucks 
0,jonathanrknight i guess that s a no then 
0,paradisej cool i will their are all kinds of complaints about this laptop online about overheating but no recalls 
0,lebron and zydrunas are such an awesome duo
0,downloading nin s new album &quot the slip&quot - when the hell did this come out i m so behind the times these days 
0,hollywoodheat i should have paid more attention when we covered photoshop in my webpage design class in undergrad 
0,i d say some sports writers are idiots for saying roger federer is one of the best ever in tennis roger federer is the best ever in tennis
0,lt_algonquin agreed i saw the failwhale allllll day today 
0,is pissed off that there s no asba s for a radio station 
0,kwesidei not the whole crew 
0,i hate revision it s so boring i am totally unprepared for my exam tomorrow things are not looking good 
0,just watched night at the museum 2 so stinkin cute 
0,usrname have google profiles stopped showing up in searches cant see them anymore
0,usrname world cup 2010 access damn that s a good look 
0,class the 50d is supposed to come today 
0,tom shanahan s latest column on sdsu and its ncaa baseball regional appearance 
0,ozesteph1992 shame to hear this stephan 
0,thought sleeping in was an option tomorrow but realizing that it now is not evaluations in the morning and work in the afternoon 
0,machineplay i m so sorry you re having to go through this again 
0,obama s speech was pretty awesome last night 
0,usrname i just checked my google for my business- blip shows up as the second entry huh is that a good or ba 6emhv
0,hello twitter api
1,time warner is the devil worst possible time for the internet to go out 
1,life s a bitch and so is dick cheney 
1,i hate time warner soooo wish i had vios cant watch the fricken mets game w o buffering i feel like im watching free internet porn 
1,could time-warner cable suck more no 
1, the worst thing about gm concord pleasant hill martinez is the fucking uaw 
1,just got home from chick-fil-a with the boys damn my internets down = stupid time warner
1,is being fucked by time warner cable didnt know modems could explode and susan boyle sucks too 
1,not really you voted for him because you re too intellectually lazy to know better 
1,i just realized we three monkeys in the white obama biden pelosi sarah palin 2012
1,usrname usrname usrname usrname at&amp t dropped the ball and isn t supporting crap with the new iphone 3 0 fail sucks 
1,on that note i hate word i hate pages i hate latex there i said it i hate latex all you texn3rds can come kill me now 
1,dearest usrname you rich bastards the visa card you sent me doesn t work why screw a little guy like me 
1,certainly must be better for them than any islamic country esp for women
1,i will never buy a government motors vehicle until just recently i drove gm cars since 1988 when i bought a 
1,while trump has already started reaching out the obamas once again show the world how classless they r by skipping traditional pic
1,a player with his skills should behave better and show more respect towards everyone that s all
1,time warner cable slogan where calling it a day at 2pm happens 
1,just curious does the use of fire always indicate that something is a riot what do u call guy fawkes night 
1,night at the museum tonite instead of up oh well that 4 yr old better enjoy it lol
1,damn i don t have any chalk my chalkboard is useless 
1,actual human females know he s misogynist thanks for playing
1,usrname pelosi should stay in china and never come back 
1,everyone who does not speak out against white supremacy and bigotry then you support it & can t say you don t
1,this is why he won the media has been feeding these millennial s so many lies stop drinking the koolaide
1,give a man a fish u feed him for the day teach him to fish u feed him for life buy him gm and u f k him over for good 
1,dick cheney s dishonest speech about torture terror and obama -fred kaplan slate 
1,mainland chinese are the worst i m not being racist they just are 
1,haaaahahah inbred lad inbread go turf in ye sister
1,he is a racist misogynist zero qualification msm failed to ask these questions during campaign 
1,north korea please cease this douchebaggery china doesn t even like you anymore 
1,curses the twitter api limit
1,fuck no internet damn time warner 
1,usrname oh those are awesome i so wish they weren t owned by nike 
1,is upset about the whole gm thing life as i know it is so screwed up
1,usrname i firmly believe that obama pelosi have zero desire to be civil it s a charade and a slogan but they want to destroy conservatism
1,listening to obama friggin north korea 
1,koreans should be banned from world esports championships you should have a separate one for koreans 
1,the safeway bathroom still smells like ass 
1,have you researched bannon and these allegations i did all were made by an angry ex-wife in 1996 trying to get $ & custody
1,i say we just cut out the small talk at&amp t s new slogan f__k you give us your money apologies to bob geldof 
1, the republican party is a bunch of anti-abortion zealots who couldn t draw flies to a dump -- neal boortz just now on the radio 
1,blah blah blah same old same old no plans today going back to sleep i guess 
1,why muslims never stand against the atrocities in their own countries oh wait they don t have freedom of speech expression and right to protest in those countries
1,donald trump wants to bring the country together it will never happen if he promotes steve bannon
1,dan maloney regressive liberalism teaches us that islamic theocracy is not to be spoken of or criticized
1,for many muslims this is their country and has been their whole lives do you think that all muslims come from the middle east and just arrived here recently don t be so flippin naive charlie 
1,you guys see this why does time warner have to suck so much ass really wish i could get u-verse at my apartment 
1,isn t it beautiful we win congress and white house and they destroy themselves i couldn t wish for better 
1,oooooooh north korea is in troubleeeee 
1,shit s hitting the fan in iran craziness indeed 
1,who would support a candidate that these protesting morons support scared the free ride is over we didn t riot for obama 
1,why am i not suprised they win lol starcraft and fucking whatever else isn t console
1,he s anti-semetic neo-nazis celebrated his appointment he s a wife-beater he s a bigot he s a threat to american democracy 
1,malcolm gladwell is a genius at tricking people into not realizing he s a fucking idiot
1,insane the questions asked that were never asked to obama all about casting negativity on his presidency before it starts
1,emma louise thank you for your well constructed and thought out eloquent reply unfortunately despite the claims in my experience of previous situations it usually decends into intimidation and perceived threats further down the line of protest we shall just have to beg to differ in our views 
1,cheney and bush are the real culprits - 
1,it s a chinese conspiracy folks i know this because when i was wearing my tin foil fat donald trump told me 
1,obviously not siding with cheney here 
1,colin powell rocked yesterday on cbs cheney needs to shut the hell up and go home powell is a man of honor and served our country proudly
1,although today s keynote rocked for every great announcement at&amp t shit on us just a little bit more 
1,the trumpriot is just proof that america made the right decision by electing republicans across the senate house & presidency 
1,saw night at the museum out of sheer desperation who is funding these movies 
1,wat the heck is north korea doing they just conducted powerful nuclear tests follow the link 
1,comcast sucks 
1,trouble in iran i see hmm iran iran so far away 
1,usrname yay glad you got the phone still damn you at&amp t 
1,usrname what is at&amp t fucking up 
1,wth i have never seen a line this loooong at time warner before ugh 
1,usrname place is a nightmare right now bumming 
1,just blocked united blood services using google voice they call more than those car warranty guys 
1,i keep forgetting you have no idea what america wants obviously trump is our president we voted for him because the media sucks we think for ourselves and we want our great country back period move on 
1,because obama didn t run on a platform of racism homophobia and misogyny duh
1,the sky is falling don t vote for trump 
1,i have nothing against him just dont like his behavior most times 
1,safari 4 is fast even on my shitty at&amp t tethering 
1,damm back to school tomorrow 
1,are you ok with an anti-semitic white supremacist as trump¡¯s chief advisor senatemajldr silence = supporting him period 
1,omg the commercials alone on espn are going to drive me nuts 
1,the trumpriot is confirmation to the masses that they ve made the right choice this was our last chance to stop mob rule we did it 
1,i know how sad is that rt usrname 1st day of hurricane season that s less scarey than govt taking over gm 
1,protest is a dumpster fire literally riot in the pearl district 
1,watching bratty kids trash a liberal city from my comfy red state is extremely satisfying 
1,damn you north korea 
1,wish i could catch every mosquito in the world n burn em slowly they been bitin the shit outta me 2day mosquitos are the assholes of insects
1,f up big or go home - aig
1,the dentist lied u won t feel any discomort prob won t even need pain pills man u twippin this shit hurt how many pills can i take 
1,whoever is running time warner needs to be repeatedly raped by a rhino so they understand the consequences of putting out shitty cable svcs
1,usrname i own a gm car and it is junk as far as quality compared to a honda
1, alpha sucks even for researchers the information provided is less than you can get from or totally useless 
1,omg the hillary supporters are so much dumber than we thought ya ll 
1,fuck this economy i hate aig and their non loan given asses 
1,i srsly hate the stupid twitter api timeout thing soooo annoying 
1,usrname oh yes but if gm dies it will only be worth more boo hahaha
1,so let me get this straight you are rioting and destroying property in a county that voted for hillary not very bright are you 
1,usrname hey no offense but malcolm gladwell is a pretenious annoying cunt and he brings you down cant read his shit
1,just got back from church and i totally hate insects 
1,dear nike stop with the flywire that shit is a waste of science and ugly love usrname
1,can we just go ahead and blow north korea off the map already 
1,at safeway on elkhorn they move like they re dead 
1,i can t watch tv without a tivo and after all these years the time warner dvr still sucks 
1,dude you owe us an apology why don t you come up with a design about berlusconi and him humping police woman or other shitty things about italy mind your own fucking business and don t make fun of the history and people who have suffered a lot from it 
1,i m scared of trump i m smashing other people s stuff i m so scared 
1,marc cattle you didn t ask me but the fact you can t read more than 3 names before turning off shows how ill equipted you are to think for yourself particularly as you decided anyone that disagrees is not smart enough i also noticed you completely ignored everything else because it failed your narrative
1,oh man was ironing jeancjumbe s fave top to wear to a meeting burnt it 
1,really felt sorry that she doesn t recognize that one day she will be 70 and showed no respect for what that 70 year old has lived through and i can guarantee that 70-something that s goes to the gym isn t trying to be perfect she s just trying to be healthy 
1,shaunwoo hate n on aig
1,just got mcdonalds goddam those eggs make me sick o yeah laker up date go lakers not much of an update well it s true so suck it
1,trump will never unite the country his colleagues knew that and didn t care they just wanted him in office 
1,there is no need to fear donald trump all that threats were only a political campaign to gain votes he will not build a wall nor deport people you should be more afraid of the 50 million people who supported his ideas and voted for him
1,played with an android google phone the slide out screen scares me i would break that fucker so fast still prefer my iphone 
1,freedom and equality for all except muslims lgbtq+ women blacks you name it 
1,obviously because branson has been privatising the nhs while we were being distracted by world events chiefs were slowly making inroads to profit on 
1,f ck time warner cable you f cking suck balls i have a $700 hd tv &amp my damn hd channels hardly ever come in bullshit 
1,and obviously some that over value theirs i hope you find some joy some where 
1,the us revolution was fought by farmers and an inexperienced militia against the mighty british army and navy yet we won many died then so why worry about spoiled brats with iphones they can protest peacefully but never discount the american resolve we had an election and we all played by the sam
1,why the hell is pelosi in freakin china and on whose dime 
1,im from netherlands i had accident in england the hospital didnt want my money from travel insurance my daughter in law had accident in holland we had to pay cash up front forgot her e111 like before a doctor would see her which she later claimed back from the nhs how does this work same for all countries who go to nhs european or otherwise are the nhs trying to go broke 
1,having the old coca-cola guy on the gm board is stupid has heck 
1,talk is cheap bing that i ll stick with google 
1,didn t get shit done today i m so screwed 
1, when you criticise something about india it makes us believe that is good for us and india international presstitute bbc
1,nooooooo my dvr just died and i was only half way through the ea presser hate you time warner
1,cox or time warner cox is cheaper and gets a b on dslreports tw is more expensive and gets a c 
1,gm files bankruptcy not a good sign 
1,i hate comcast right now everything is down cable internet &amp phone ughh what am i to do
1,yvonne froud well said and lego inst even a british company and what daily mail wrote about the judges was correct they are enemies of the country ignoring the 17 4m people who voted for brexit 
1,usrname - its not so much my obsession with cell phones but the iphone i m a slave to at&amp t forever because of it 
1,usrname wtf is the point of deleting tweets if they can still be found in summize and searches twitter please fix that thanks and bye
1,time warner has the worse customer service ever i will never use them again
1,usrname did comcast fail again 
1,some people here complaining about bbc when a government implements a decision which is not thoroughly thought through as in most cases the least privileged get to feel the brunt of the side effects of such a method to fight corruption and the big guns just smile 
1,usrname if you re being harassed by calls about your car warranty changing your number won t fix that they call every number -bags
1,bbc news never gets it wrong haha brexit clinton as president lol still hasn t learned that there are indeed other valid points of view to share with its readers but doom and gloom and hysteria sell so much better the science is settled is the most unscientific statement one could utter 
1,2016 will go down as the year when both the uk and usa voted to embrace values that previous generations sacrificed their lives to oppose - 
1,impatiently awaiting the arrival of the time warner guy it s way too pretty to be inside all afternoon
1,the anti-science culture is alarming all of us with ac and electricity don t care because we ve lost touch with nature ignorance and arrogance always play vital roles in the downfall of civilizations sadly this time we ll take the world with us edit before someone pulls that it s part of a natural cycle bs i suggest you read up on the nuances of that specific argument 
1,the only reasonable way usa has the power but it cannot rule the world and act as a global police russia is not a superpower like usa but it s power must be respected if trump change the us foreign politics it will be better for all no uncontrollable immigration no senseless wars in the middle east and no aggressive globalisation
1,monday already iran may implode kitchen is a disaster usrname seems happy usrname had a nice weekend and usrname is great whoop 
1,usrname $gm good riddance sad though 
1,ahh got rid of stupid time warner today &amp now taking a nap while the roomies cook for me pretty good end for a monday 
1,criminal illegal aliens gang members drug dealers rapists and murderers that type get it right when making headlines this type of reporting is what fueled the anger that helped get him elected this type of trash media bias was one of the reasons i voted for him the new york post admits their mistake in reporting maybe you could take a lesson 
1,to blame seems like off unecessarily judgemental wording here it was lego s choice to not renew their partnership with the mail and many other companies approached by members of stop funding hate including waitrose and specsavers have shot down those who ve reached out and continued their advertising deals with questionable papers like the mail and express someone at lego clearly saw issue with the mail and took the active choice to cut ties they d have just ignored pleas like other companies have if there was any real pressure i m proud of them for making a stand i just hope more companies follow suit 
1,not in the us nearly every newspaper and media outlet i saw overwhelmingly praised clinton for every little thing she did and bashed trump 
1,time warner cable phone reps r dumber than nails ugh cable was working 10 mins ago now its not wtf 
1,the more i hear about this gm thing the more angry i get billions wasted more bullshit all for something like 40k employees and all the 
1,viral marketing fail this acia pills brand oughta get shut down for hacking into people s messenger s i get 5-6 msgs in a day arrrgh 
1,yahoo answers can be a butt sometimes
1,thats the problem with media they put news incomplete and spread fear its going to be people with criminal records drug dealers gangs according to 60 minutes interview with cbs he will do same as obama did he deported more than 2 million i dont personally like him but media is simply no fair
1,usrname because the twitter api is slow and most client s aren t good 
1,usrname yeahhhhhhhhh i wouldn t really have lived in east palo alto if i could have avoided it i guess it s only for the summer 
1,omg - time warner f ed up my internet install - instead of today its now next saturday - another week w o internet &amp $ ehfa^v9fhg 
1,i have to go to booz allen hamilton for a 2hr meeting but then i get to go home 
1,i was talking to this guy last night and he was telling me that he is a die hard spurs fan he also told me that he hates lebron james 
1,as u may have noticed not too happy about the gm situation nor aig lehman et al
1,are you burning more cash $$$ than chrysler and gm stop the financial tsunami where bailout means taking a handout 
1,this proved that media doesn t have the power of brainwashing people as much as we thought 
1,middle seat should get both since window and aisle have their own arm rest and other benefits don t get me started about larger people i ve paid for my space and it belongs to me for the duration of the flight tall people don t kneel down when in front of me at a music concert or in the row in front at a cinema
1,poor cameron the hills 
1,tell me again why we are giving more $$ to gm we should use that $ for all the programs that support the unemployed 
1,rt usrname new time warner slogan time warner where we make you long for the days before cable 
1,nancy pelosi gave the worst commencement speech i ve ever heard yes i m still bitter about this
1,back from seeing star trek and night at the museum star trek was amazing but night at the museum was eh 
1,what has happened to the real journalism instead of objectively reviewing both candidates they asslick the one they were told to and provide biased untruthful opinion such a disappointment 
1,us planning to resume the military tribunals at guantanamo bay only this time those on trial will be aig execs and chrysler debt holders
1,time warner really picks the worst time to not work all i want to do is get to mtv com so i can watch the hills wtfffff 
1,i am furious with time warner and their phone promotions 
1,the day i never have to deal with comcast again will rank as one of the best days of my life 
1,fuzzball is more fun than at&amp t p 
1,i still love my kindle2 but reading the new york times on it does not feel natural i miss the bloomingdale ads 
1,started to think that citi is in really deep s&amp ^t are they gonna survive the turmoil or are they gonna be the next aig 
1,is twitter s connections api broken some tweets didn t make it to twitter 
1,reading the tweets coming out of iran the whole thing is terrifying and incredibly sad 
1, most vietnamese think that china is getting more powerful now and will invade vietnam soon if this is true then i feel sad for all east asian nations maybe just maybe the vietnamese regime in power is manipulating this to consolidate their own power base just like the chinese regime is using the anti-japanese sentiment to prop up themselves equally sad for the japanese nation is that mr abe is also taking advantage of anti-chinese korean sentiment to win elections east asia is diplomatically a mess in a dog-fighting-dog fashion 
1,pissed about at&amp t s mid-contract upgrade price for the iphone it s $200 more i m not going to pay $499 for something i thought was $299
1,usrname we tried but time warner wasn t being nice so we recorded today 
1,you cannot run a campaign on division and hate then expect everyone to suddenly think you ll be a great president people are right to be scared
1,now i can see why dave winer screams about lack of twitter api its limitations and access throttles 
1,i don t know why this is such a big debate it is simple really the isle seat gets extra leg room and ease of access the middle seat gets priority on the arm rests and the window seat gets a nice view every seat has pros and cons 
1,portland your city didn t hurt you stop the trumpriot and go back to the protest rioting will not help you only break what you love 
1,luke and i got stopped walking out of safeway and asked to empty our pockets and lift our shirts how jacked up is that 
1,time warner road runner customer support here absolutely blows i hate not having other high-speed net options i m ready to go nuclear 
1,sad day bankrupt gm
1,jesus the media is still pushing nothing but pure propaganda this is exactly why he won over more minorities than romney because we have seen how much the media wanted hillary elected you have to ask yourself why this is what trump really said ¡°what we are going to do is get the people that are criminal and have criminal records gang members drug dealers where a lot of these people probably two million it could be even three million we are getting them out of our country or we are going to incarcerate ¡± trump said in an interview with cbs¡¯ ¡°60 minutes ¡± ¡°but we¡¯re getting them out of our country they¡¯re here illegally ¡±
1,man i kinda dislike apple right now case in point the iphone 3gs wish there was a video recorder app please 
1,why are people still releasing balloons they are litter they always land somewhere and are known to kill wildlife balloon releases should be banned 
1,annoying new trend on the internets people picking apart michael lewis and malcolm gladwell nobody wants to read that 
1,which agenda bbc is promoting now a days bbc credibility was at stake for last one decade now it touched new low propaganda journalism
1,i would rather pay reasonable yearly taxes for free fast internet than get gouged by time warner for a slow connection 
1,more misleading information 7 bigger than normal yes but hardly any bigger than every other super moon every 413 days you ll never notice the difference 
1,some people always find an excuse for this places called zoo but the animals doesn t belong to us they suppose to be free not to kill them or make them prisoners you want to teach your kid then buy books cd and show him the wild life how suppose to be 
1,looks like summize has gone down too many tweets from wwdc perhaps 
1,spencer is not a good guy 
1,if someone breaks the law they go to jail if an immigrant breaks immigration laws they should be deported if you have no respect for the law why do you want to even be in that country 
1,this is such bad news reporting stories and reports of should not be accepted as fact by a news agency such as the bbc i expect facts not gossip 
1,when they move from europe to africa=voyages of discovery when we move from africa to europe =illegal immigrants a group of africans in europe= refugees a group of europeans in africa= tourists is it all about protecting democracy the bitterness you whites put in a black man one day 
1,freedom and winning with a background of a gold plated wall interesting that the privileged 1 now became the champions of the unprivileged 90 i wonder if any of these two ever had to wait in a supermarket queue 
1,the trend trumpprotest should be changed to trumpriot because there is absolutely nothing peaceful about calling for assassinations
1,arg twitter api is making me crazy 
1,the real aig scandal 
1,confirmed it s time warner s fault not facebook s that fb is taking about 3 minutes to load so tempted to switch to verizon = 
1,found nothing at nike factory off to banana republic outlet 
1,that s no worse than clinton taking money from middle eastern countries which oppress women and gays and then saying she s a feminist and for gay rights 
1,kobe is the best in the world not lebron 
1,it s unfortunate that after the stimulus plan was put in place twice to help gm on the back of the american people has led to the inevitable
1,usrname my dentist is great but she s expensive = 
1,pissed at time warner for causin me to have slow internet problems
1,today is a good day to dislike at&amp t vote out of office indeed usrname
1,my dentist was wrong wrong
1,&amp t is complete fail 
1,the liberal peaceful city of portland is being destroyed by its peace loving liberal inhabitants 
1, obama administration must stop bonuses to aig ponzi schemers 
1,usrname oh snap you work at at&amp t don t you
1,usrname i really dont want at&amp t phone service they suck when it comes to having a signal
1, joining a bit late my connection was down boo time warner 
1,hate safeway select green tea icecream bought two cartons what a waste of money &gt _&lt 
1,usrname time warner = epic fail
1,argghhhh why won t my jquery appear in safari bad safari 
1,it is a shame about gm what if they are forced to make only cars the white house thinks will sell what do you think 
1,time warner s hd line up is crap 
0,usrname thanks so much from one of your very happy kindle2 winners i was so surprised fabulous thank you best kathleen
0,warren buffet on the economy 
0,hey i actually won one of my bracket pools too bad it wasn t the one for money 
0,prettiest insects ever - pink katydids 
0,stopped to have lunch at mcdonalds chicken nuggetssss yummmmmy 
0,html 5 demos lots of great stuff to come yes i m excited 
0,usrname i had a dentist appt this morning and had the same conversation 
0,about to file taxes 
0,just checked my user timeline on my blackberry it looks like the twanking is still happening are ppl still having probs w bgs and uids 
0,awesome viral marketing for funny people 
0,i m not still up i swear why do i keep losing gaining losing gaining tweeps so heart wrenching 
0,fleurylis i don t either its depressing i don t think i even want to know about the kids in suitcases 
0,dannyvegasbaby danny im upset that i wasnt here to watch the live chat i was in a car for 3 hours on a trip im soooo upset 
0,usrname i current use the nikon d90 and love it but not as much as the canon 40d 50d i chose the d90 for the video feature my mistake 
0,stanford university s facebook profile is one of the most popular official university pages - 
0,ryanseacrest is it just me or she hates anoop i mean seriously she s kinda mean to him 
0,reading on my new kindle2 
0,blink by malcolm gladwell amazing book and the tipping point 
0,naive bayes using em for text classification really frustrating 
0,loves twitter
0,was intending to finish editing my 536-page novel manuscript tonight but that will probably not happen and only 12 pages are left 
0,rt look available amazon kindle2 &amp kindle dx get it here the top electronic book reader period free 2 day ship 
0,boarding plane for san francisco in 1 hour 6 hr flight blech 
0,ok i m sick and spent an hour sitting in the shower cause i was too sick to stand and held back the puke like a champ bed now 
0,excited about seeing bobby flay and guy fieri tomorrow at the great american food &amp music fest 
0,is in san francisco at bay to breakers 
0,at safeway with dad
0,hibanick yeah aw but i know i wudnt stand a chance 
0,going to see star trek soon with my dad 
0,usrname no lebron is the best
0,usrname we love you too and don t want you to die latex = the devil
0,nike owns nba playoffs ads w lebron kobe carmelo 
0,off to the nike factory 
0,picked mich st to win it all from the get go was feeling pretty good about that pick all the way up until tonight a s lost too 
0,giving weka an app engine interface using the bird strike data for the tests the logo is a given 
0,late night snack glass of oj b c i m &quot down with the sickness&quot then back to sleep ugh i hate getting sick 
0,i activated my selfcontrol block early meaning i can t check out the new qc regularizing my internal clock is might be difficult 
0,usrname you will not regret going to see star trek it was awesome 
0,ahhh back in a real text editing environment i &lt 3 latex 
0,how do you use the twitter api 
0,usrname has been a bit crazy with steep learning curve but lyx is really good for long docs for anything shorter it would be insane 
0,usrname is bobby flay joining you 
0,usrname jenna i went to see night at the museum 2 today and i was so surprised to see three cast members from the office 
0,no phantasy star yesterday going to work 
0,usrname i have a kindle2 &amp sony prs-500 like it physical device feels good font is nice pg turns are snappy enuf ui a little klunky 
0,jonathanrknight awww i soo wish i was there to see you finally comfortable im sad that i missed it 
0,usrname that looks an awful lot like one of nike s private jets i m just sayin 
0,i m sooo sad they killed off kutner on house whyyyyyyyy
0,usrname i have three words for you safeway dot com 
0,just got barraged by a horde of insects hungry for my kitchen light so scary 
0,bridgetsbeaches thank you for letting people know but now i m sad that the direct message i got wasn t actually from bridget 
0,lounging around eating taco bell and watching ncis before work tonight need help staying awake 
0,top ten most watched on viral-video chart love the nike campaign from wieden &amp kennedy 
0,gm says expects announcment on sale of hummer soon - reuters wdsugm says expects announcment on sale of hummer 
0,usrname i just finished watching your stanford iphone class session i really appreciate it you rock 
0,all about ajax jquery css javascript and more many examples 
0,lakers tonight let s go 
0,google wave developer sandbox account request 
0,i need a hug 
0,tea oh i m so sorry i didn t think about that before retweeting 
0,time warner ceo hints at online fees for magazines ap - read from mountain view united states views 16209 
0,ethics and nonprofits - 
0,watching night at the museum - giggling 
0,getting ready to go watch night at the museum 2 dum dum you give me gum gum 
0,blagh class at 8 tomorrow 
0,i really hate how people diss my bands trace is clearly not ugly 
0,jake s going to safeway 
0,heading to san francisco
0,bonjour san francisco my back hurts from last night 
0,i m ready to drop the pretenses i am forever in love with jquery and i want to marry it sorry ladies this nerd is jquery spokenfor js
0,supersport i miss my buddy ill be in ny on the 25th
0,at gwt fireside chat usrname
0,omg so bored &amp my tattoooos are so itchy help aha = 
0,oh - just got all my macheist 3 0 apps - sweet didn t get the espresso serial no though although they said they sent it - oh well 
0,weird piano guitar house in china 
0,nationwideclass no it s not behaving at all i m mad why am i here because i can t see you all over there 
0,super investors a great weekend read here from warren buffet oldie but a goodie 
0,check this video out -- president obama at the white house correspondents dinner 
0,i ve been sending e-mails like crazy today to my contacts does anyone have a contact at goodby silverstein i d love to speak to them
0,watchin espn jus seen this new nike commerical with a puppet lebron sh t was hilarious lmao 
0,your normal weight and how to get there normal eating blog 
0,usrname lebron is a monsta and he is only 24 smh the world ain t ready 
0,learning about lambda calculus 
0,i just created my first latex file from scratch that didn t work out very well see usrname it s a great time waster 
0,i don t understand i really don t 
0,hillydop oh no
0,gonna go see bobby flay 2moro at shoreline eat and drink gonna be good 
0,it was felt a hell of a lot further away than wellington we live several hundred kms north of wellington and the whole place was shaking for about 2 minutes 
0,is upset that he can t update his facebook by texting it and might cry as a result school today also blah 
0,adobe cs4 commercial by goodby silverstein 
0,rumblepurr lol wish they understood daylight savings has ended though and breakfast is an hour later they keep waking the kids up too
0,i miss kenny powers 
0,the seems the best ereader but will it work in the uk and where can i get one 
0,good news just had a call from the visa office saying everything is fine what a relief i am sick of scams out there stealing 
0,usrname usrname great stanford course thanks for making it available to the public really helpful and informative for starting off 
0,is strangely sad about lilo and samro breaking up 
0,just landed at san francisco
0,i mean i m down with notre dame if i have to it s a good school i d be closer to dan i d enjoy it 
0,ugh the amount of times these stupid insects have bitten me grr 
0,usrname i have the kindle2 i ve seen pictures of the dx but haven t seen it in person i love my kindle - i m on it everyday 
0,off to the bank to get my new visa platinum card
0,batmanyng i miss my ps3 it s out of commission wutcha playing have you copped blood on the sand 
0,i can t believe he s really gone he was truely a genius in my book listen to asylum choir ll or carney or leon andmarc bono live or leon russell live also the album that leon did with elton john a few years ago some great music there another one that leon played on concert for bangla desh 
0,i highly recommend malcolm gladwell s the tipping point my next audiobook will probably be one of his as well 
0,ninjen i m sure you re right i need to start working out with you and the nikster or jared at least 
0,lakers played great cannot wait for thursday night lakers vs 
0,onemoreproject that is lame 
0,ok first assesment of the it fucking rocks 
0,dropped her broccoli walking home from safeway so depressed
0,back when i worked for nike we had one fav word just do it 
0,jquery cheat sheet 
0,wear your poppy today and remember those who fought and died so we could live in peace
0,sadly is going to bed 
0,katortiz not forever see you soon 
0,i know my life has been flipped upside down when i just thought in my head that some ramen sounds good 
0,put vacation photos online a few yrs ago pc crashed and now i forget the name of the site 
0,rt usrname american idol fashion adam lambert tones down danny gokey cute 
0,usrname_real_usher lebron is cool i like his personality he has good character 
0,jdarter oh haha dude i dont really look at em unless someone says hey i added you sorry i m so terrible at that i need a pop up 
0,rocawear heads to china building 300 stores - 
0,they did what others wouldn t and couldn t do thank you to all the vietnam war veterans semper fidelis 
0,climate focus turns to beijing the united nations the us and european governments have called on china to co-o 
0,rt usrname ca merced s water bottled by safeway resold at a profit wells are drying up across the county 
0,nike air yeezy khaki pink colorway release - 
0,i hate when i have to call and wake people up 
0,missin the boo 
0,usrname it s definitely under warranty &amp my experience is the amazon support for kindle is great had to contact them about my kindle2
0,usrname til 6pm lets go lakers 
0,can t wait for the great american food and music festival at shoreline tomorrow mmm katz pastrami and bobby flay yes please 
0,all-star basketball classic tuesday features top talent chattanooga s notre dame high school will play host 
0,arhh it s weka bug = = and i spent almost two hours to find that out crappy me
0,goodby silverstein s new site i enjoy it 
0,usrname playing with twitter api sounds fun may need to take a class or find a new friend who like to generate results with api code 
0, admissions tips stanford gsb deadlines and essay topics 2009-2010 
0,i think my arms are sore from tennis 
0,three china aerospace giants develop tianjin binhai new area 22 9 b yuan invested 
0,rt usrname i love the nerdy stanford human biology videos - makes me miss school 
0,so night at the museum 2 was awesome much better than part 1 next weekend we ll see up 
0,i feel bad for doing it 
0,just going to cry myself to sleep after watching marley and me 
0,has a date with bobby flay and gut fieri from food network
0,kpreyes remember my bum leg strikes back this time its serious 
0,mrsaintnick hey i m leavin in the morning 
0,thanks for bursting my bubble 
0,usrname no it is too big i m quite happy with the kindle2 
0,usrname_debenham what was the php jquery hack 
0,on my way to see star trek usrname esquire 
0,a bad nite for the favorite teams astros and spartans lose the nite out with t w was good 
0,usrname oh i see i thought at&amp t were 900mhz wcdma 
0,jacobsummers sorry tell them mea culpa from me and that i really am sorry 
0,safeway with marvin janelle and auntie lhu
0,omgg i ohhdee want mcdonalds damn i wonder if its open lol = 
0,my nokia 1110 died 
0,obama s got jokes haha just got to watch a bit of his after dinner speech from last night i m in love with mr president 
0,rt usrname was just told that nike layoffs started today - 
0,usrname i will take you on a date to see night at the museum 2 whenever you want it looks soooooo good
0,pinkserendipity yes sprint has 4g only in baltimore and chicago so far 
0,only one exam left and i am so happy for it d
0,salancaster hope your ok 
0,usrname we don t have safeway 
0,share disruption fred wilson s slides for his talk at google hq 
0,missed this insight-filled may column one smart guy looking closely at why he s impressed with kindle2 usrname
0,saved money by opting for grocery store trip and stocking food in hotel room fridge vs eating out every night while out of town 
0,one of my friend called me and asked to meet with her at mid valley today but i ve no time sigh 
0,very interesting ad from adobe by goodby silverstein &amp partners - youtube - adobe cs4 le sens propre 
0,starrbby too bad i won t be around i lost my job and can t even pay my phone bill lmao aw shucks 
0,my tummy hurts i wonder if the hypnosis has anything to do with it if so it s working i get it stop smoking 
0,ok do nothing just thinking about 40d
0,mo jobs no money how in the hell is min wage here 4 f n clams an hour 
0,allyheman but but but i m not a big fan on camilla belle 
0,ahh yes lol ima tell my hubby to go get me sum mcdonalds = 
0,lettya ahh ive always wanted to see rent love the soundtrack 
0,thecoolestout ehhh don t weather s gonna take a turn for the ugly tomorrow 
0,history exam studying ugh
0,usrname pet dentist 
0,kobe is good bt lebron has my vote
0,got a new pair of nike shoes pics up later
0,gym attire today was puma singlet adidas shorts and black business socks and leather shoes lucky did not run into any cute girls 
0,check out my mug 
0,pretty obviously a combination of having the right balance of genes suited for running really fast and unbelievable dedication to be honest for a pro athlete he seems like a really nice guy as well so good on him 
0,just bought my tickets for the 2010 fifa world cup in south africa its going to be a great summer 
0,usrname fair enough but i have the kindle2 and i think it s perfect 
0,yankees won mets lost its a good day 
0,bout to hit safeway i gotta eat
0,i lam so in love with bobby flay he is my favorite rt usrname usrname you need a place in phoenix we have great peppers here 
0,i saw night at the museum battle of the swithsonian today it was okay your typical kids ben stiller movie 
0,usrname lebron is a beast but i m still cheering 4 the a til the end 
0,why is it always the fat ones 
0,usrname have you tried nike v addictive 
0,ncaa baseball super regional - rams club 
0,using linux and loving it - so much nicer than windows looking forward to using the wysiwyg latex editor 
0,7 hours 7 hours of inkscape crashing normally solid as a rock 7 hours of latex complaining at the slightest thing i can t take any more 
0,usrname ooooh what model are you getting i have the 40d and love love love love it 
0,this dentist s office is cold 
0,smarrison i would ve been the first but i didn t have a gun not really though zac snyder s just a doucheclown 
0,when you have sex with someone who can t consent because they re incredibly drunk then it is rape there s no being objective about this it s just rape 
0,zomg i have a g2 
0,just leaving the parking lot of work 
0,with the boyfriend eating a quesadilla
0,eating cake
0,usrname i love google translator too d good day mate 
0,rt usrname the ultimate jquery list - 
0,obama nationalization of gm to be short-term ap 
0,rt usrname awesome jquery reference book for coda 
0,by the way i m totally inspired by this freaky nike commercial 
0, next time i ll call myself nike 
0,laying in bed with no voice 
0,i m stuck awake in the middle of the night for the second day in a row and i felt terrible yesterday 
0,fighting with latex again 
0,no new csi tonight fml
0,hi there does anyone have a great source for advice on viral marketing 
0,reading my kindle2 love it lee childs is good read 
0, customer innovation award winner booz allen hamilton -- 
0,eating dinner meat chips and risotto 
0,my dentist appt today was actually quite enjoyable 
0,took the graduate field exam for computer science today nothing makes you feel like more of an idiot than lambda calculus 
0,usrname hi just saw your stanford talk and really liked your advice just saying hi from singapore yes the videos do get around 
0,usrname lebron is murdering shit 
0,watching &quot house&quot 
0,lyx is cool 
0,usrname the g2 is amazing btw a huge improvement over the g1
0,too worried and tired to post tonight 
0,up was sold out so i m seeing night at the museum 2 i m __ years old 
0,lebron james got in a car accident i guess just heard it on evening news wow i cant believe it will he be ok 
0,usrname such an awesome idea - the continual learning program with a kindle2 
0,nike rocks i m super grateful for what i ve done with them &amp the european division of nike is beyond usrname usrname
0,usrname lebron is the boss
0,just picked up my new canon 50d it s beautiful prepare for some seriously awesome photography 
0,alielayus i want to go to promote gear and groove but unfornately no ride there i may b going to the one in anaheim in may though
0,investigation pending on death of stanford cs prof google mentor rajeev motwani tip usrname
0,octolinz16 it it counts idk why i did either you never talk to me anymore 
0,tatiana_k nope they didn t have it 
0,i have a sad feeling that dallas is not going to show up i gotta say though you d think more shows would use music from the game mmm
0,usrname dood i got a free google android phone at the i o conference the g2 
0,had a blast at the getty villa but hates that she s had a sore throat all day it s just getting worse too 
0,usrname usrname just got us a 50d for the office d
0,watching lebron highlights damn that niggas good
0,bill simmons in conversation with malcolm gladwell 
0,warren buffet became for a time the richest man in the united states not by working but investing in 1 big idea which lead to the fortune
0,i don t see the big deal with this website 
0,just had mcdonalds for dinner d it was goooood big mac meal 
0,bed class 8-12 work 12-3 gym 3-5 or 6 then class 6-10 another day that s gonna fly by i miss my girlfriend 
0,if someone is too drunk to remember what happened after she was probably too drunk to control her actions or speech when someone is drunk to that point they are considered unable to give consent and it becomes rape 
0,i love my kindle2 no more stacks of books to trip over on the way to the loo 
0,makeherfamous hmm do u really enjoy being with him if the problems are too constants u should think things more find someone ulike
0,brand new canon eos 50d 15mp dslr camera canon 17-85mm is lens web technology thread brand new canon eos 5 
0,first dentist appointment in years on wednesday possibly 
0,i hope the girl at work buys my kindle2
0,usrname i loooooooovvvvvveee my kindle2 not that the dx is cool but the 2 is fantastic in its own right 
0,fakerpattypattz oh dear were you drinking out of the forgotten table drinks 
0,no watching the night at the museum getting really good
0,playing with java and the twitter api
0,testing twitter api remote update
0,i m listening to p y t by danny gokey &lt 3 &lt 3 &lt 3 aww he s so amazing i &lt 3 him so much 
0,after using latex a lot any other typeset mathematics just looks hideous 
0,launched 
0,going to the dentist later |
0,i had such a nice day too bad the rain comes in tomorrow at 5am 
0,the times of india the wonder that is india s election 
0,going to school soon can t find anything to wear gosh it s so hard 
0,i loved night at the museum 
0,markhardy1974 me too 
0,usrname i never did thank you for including me in your top 100 twitter authors you rock &amp i new wave -d 
0,going to see the new night at the museum movie with my family oh boy a three year old in the movies fuin
0,falling asleep just heard about that tracy girl s body being found how sad my heart breaks for that family 
0,jquery selectors 
0,still hungry after eating 
0,usrname google is always a good place to look should ve mentioned i worked on the mustang w my dad usrname 
0,baseballamerica com blog baseball america prospects blog blog 
0,god bless our vietnam veterans thank you for your service and sacrifice 
0,obama more popular than u s among arabs survey president barack obama s popularity in leading arab countries 
0,eating sashimi
0,oanhlove i hate when that happens 
0,almost bedtime 
0,usrname hey bud np i do so love my 50d although i d love a 5d mkii more
0,erre_sc aaw i miss ya all too im leaving to bh tomorrow &quot morning&quot i think aww i wanna go to the beach w u girls 
0,caregiving i couldn t bear to watch it and i thought the ua loss was embarrassing 
0, | o3d - bringing 3d graphics to the browser very nice tbh funfun 
0,my mom she got divorced when i was 3 met her first love at her university reunion 30 years later after their break up they ve got their happily ever after and so happy together for many years now meant to be 
0,wednesday my b-day don t know what 2 do 
0,usrname you ll love your kindle2 i ve had mine for a few months and never looked back the new big one is huge no need for remorse 
0, - awesome come back from usrname via usrname 
0,nike sb blazer high acg custom - brad douglas - 
0,how to implement a news ticker with jquery and ten lines of code 
0,just got my new toy canon 50d love love love it 
0,twista202 i still haven t read the 9th&amp 10th princess diaries saving francesca made me cry at the end hmm those are easy books 
0,so rylee grace wana go steve s party or not sadly since its easter i wnt b able 2 do much but ohh well 
0,new blog post nike zoom lebron soldier 3 iii - white black - teal 
0,new blog post nike trainer 1 
0,reading bill clinton fail - obama win 
0,usrname no i m not itchy for now maybe later lol 
0,he s the reason for the teardrops on my guitar the only one who has enough of me to break my heart 
0,loltrish hey long time no see yes rains a bit only a bit lol i m fine thanks how s you 
0,my kindle2 came and i love it 
0,safeway is very rock n roll tonight
0, help with taking care of sick child east palo alto ca 
0,marieclr i was serious lol
0,goodby silverstein agency new site great 
0,localtweeps wow tons of replies from you may have to unfollow so i can see my friends tweets you re scrolling the feed a lot 
0,in montreal for a long weekend of r&amp r much needed 
0,ask programming latex or indesign submitted by calcio1 link 1 comment 
0,found a safeway picking up a few staples 
0,the great indian tamasha truly will unfold from may 16 the result day for indian general election 
0,10 tips for healthy eating resultsby fitness blog fitness 
0,i m going to bed it was a successful weekend stanford here i come 
0,i just extracted and open-sourced a jquery plugin from stormweight to highlight text with a regular expression 
0,i love dwight howard s vitamin water commercial now i wish he was with nike and not adidas lol 
0,colindemar far too out of the way for rail any other tips 
0,portland city politics may undo baseball park 
0,could go for a lot of mcdonalds i mean a lot 
0,i like this guy barack obama shows his funny side &gt &gt 
0,alydesigns i was out most of the day so didn t get much done 
0,with my best girl for a few more hours in san francisco mmmmmfamily is wonderful 
0,saw night at the museum 2 last night pretty crazy movie but the cast was awesome so it was well worth it robin williams forever 
0,naughtyhaughty i had on my page for sooooo long until it got deleted sad day in history
0,iphone may get radio tagging and nike recently-released itunes version 8 2 suggests that voiceover functional 
0,i hate the effing dentist 
0,guess i ll be retiring my g1 and start using my developer g2 woot 
0,iamjazzyfizzle i wish i got to watch it with you i miss you and iamlilnicki how was the premiere 
0,cocomix04 ill tell ya the story later not a good day and ill be workin for like three more hours 
0,rt usrname five things wolfram alpha does better and vastly different than google - 
0,usrname - yay happy place place place i love google 
0,wednesday my b-day n don t know what 2 do 
0,pray for me please the ex is threatening to start sh at my our babies 1st birthday party what a jerk and i still have a headache 
0,safeway super-marketing via mobile coupons 
0,just got a free g2 android at google i o 
0,taking katie to see night at the museum she picked it 
0,is it me or is this the best the playoffs have been in years oh yea lebron and melo in the finals
0,what s buffet doing warren buffett kicks butt in battle of the boots posted by alex crippe 
0,is alone downstairs working 
0,currently at work 
0,am loving new malcolm gladwell book - outliers
0,msdrama hey missed ya at the meeting sup mama
0,lawson to head newedge hong kong 
0,my dad was in ny for a day we ate at mesa grill last night and met bobby flay so much fun except i completely lost my voice today 
0,this week is not going as i had hoped 
0,about to watch night at the museum with ryan and stacy
0,i can t wait going to see star trek tonight 
0,cardinals baseball advance to super regionals face cs-fullerton friday 
0,jonathanchard not calorie wise i wish junk food was calorie free i ate a thing of sour skittles and a big ass cherry coke 
0,statravelau just got ur newsletter those fares really are unbelievable shame i already booked and paid for mine 
0,ugh cant sleep its 1 30am 
0,sooo dissapointed they sent danny gokey home you still rock danny my hometown hero yeah milrockee 
0,malcolm gladwell might be my new man crush
0,just started playing major league baseball 2k9 
0,marykatherine_q i know i heard it this afternoon and wondered the same thing moscow is so behind the times 
0,rt usrname rt great usrname someone s sitting in the shade today because someone planted a tree a long time ago - warren buffet
0,where did u move to i thought u were already in sd hmmm random u found me glad to hear yer doing well 
0,i love lebron 
0,usrname i hate going to the dentist 
0,grrr my ipods acting weird too jai ho and thinking of you aren t playing the full songs ughh 
0,stanford charity fashion show a top draw 
0,my mom might have breast cancer won t find out anything for like a week i m so worried 
0,laid around too much today now my head hurts 
0,the life is cool but not for me 
0,myfoxdc barrie students back from trip to china a silver spring high school s class trip to china has en 
0,loving my new kindle2 named her kendra in case u were wondering the cookbook is the tool cuz it tells u all the tricks best gift evr 
0,robluketic love the french i tell people here in the south i m qtr french and they snarl at me french are beautiful people
0,45 pros you should be following on twitter - 
0,sadly though i ve never gotten to experience the post coitus cigarette before and now i never will 
0,my whole body feels itchy and like its on fire 
0,i hate the dentist who invented them anyways 
0,sleep soon i just hate saying bye and see you tomorrow for the night 
0,booz allen hamilton has a bad ass homegrown social collaboration platform way cool 
0,meh almost lover is the exception this track gets me depressed every time 
0,got my wave sandbox invite extra excited too bad i have class now but i ll play with it soon enough 
0,i just re-pierced my ears 
0,jquery is my new best friend 
0,getting ready to test out some burger receipes this weekend bobby flay has some great receipes to try thanks bobby 
0,is not going to sleep tonite 
0,i will miss the obamas and biden what a fantastic president barack has been and michelle such a classy first lady hopefully we see her run in 2020 
0,is studing math tomorrow exam and dentist 
0,man accosts roger federer during french open 
0,downloading apps for my iphone so much fun - there literally is an app for just about anything 
0, best athlete of our generation if not all time basketball related i don t want to get into inter-sport debates about __1 2
0,hollis death scene will hurt me severely to watch on film wry is directors cut not out now 
0,some1 hacked my account on aim now i have to make a new one
0, gm ceo china will continue to be key partner
0,today we come together to remember those who gave so much 
0,i have a google addiction thank you for pointing that out usrname hahaha 
0,i spent most of my day reading a jquery book now to start drinking some delirium tremens 
0,oh god i hope they get the courage and hope because i know how it feels to live in that situation when we just wait for everything to get better i am from nepal and we had the same magnitude earthquake in 2015 and i still get goosebumps when i think about it it was really scary and scared everyone to death i hope everything gets better soon 
0,cant sleep my tooth is aching 
0,house correspondents dinner was last night whoopi barbara &amp sherri went obama got a standing ovation
0,usrname lebron is a beast nobody in the nba comes even close 
0,itchy back dont ya hate it 
0,absolutely hilarious from usrname 
0,usrname when lebron is done in the nba he will probably be greater than kobe like u said kobe is good but there alot of good players 
0,we went to stanford university today got a tour made me want to go back to college it s also decided all of our kids will go there 
0,this week just seems to get longer and longer in terms of how much i need to do and how much i m actually going to get done 
0,went to see the star trek movie last night very satisfying 
0,is eating and watching movies 
0,is lovin his nike already and that s only from running on the spot in his bedroom
0,just got back from the movies went to see the new night at the museum with rachel it was good
0,rt usrname great article by malcolm gladwell 
0,would rather the first party send bad messages than the 3rd party send mixed ones sophmore year all over again 
0,going to see night at the museum 2 with tall boy
0,i m moving to east palo alto 
0,san francisco today any suggestions 
0,dentist tomorrow have to brush well in the morning like i make my hair all nice before i get it cut why 
0,the nike training club beta iphone app looks very interesting 
0,will the lakers kick the nuggets ass tonight 
0,check this video out -- david after dentist 
0,man work is hard 
0,i don t think i m blaming her at all i think she needs to be aware that things could go wrong whether it suits any of you or not 
0,usrname lol ah my skin is itchy damn lawnmowing 
0,breakers in san francisco ca 
0,twittera que me muera 
0,recovering from surgery wishing usrname was here 
0,my wrist still hurts i have to get it looked at i hate the dr dentist scary places time to watch eagle eye if you want to join txt 
0,kenichan i dived many times for the ball managed to save 50 the rest go out of bounds
0,going to sleep hoping tomorrow is a better day 
0,is watching the hill and its making me sad 
0,i m so cold 
0, good video from google on using search options 
0,alliana07 it didn t make any sense to me the suicide thing i refuse to believe that that is actually what happened 
0,needs someone to explain lambda calculus to him 
0,need suggestions for a good ir filter for my canon 40d got some pls dm
0,mercedesashley damn the grind is inspirational and saddening at the same time don t want you to stop cuz i like what u do much love
0,judd apatow creates fake sitcom on nbc com to market his new movie viral marketing at its best 
0,eating breakfast and then school
0,living not downtown sure isn t much fun 
0,chelserlynn haha its so cooooold in the d and no but you should still go to the show they do some incredible stuff
0,wonders why someone that u like so much can make you so unhappy in a split seccond depressed 
0,usrname lebron is a hometown hero to me lol i love the lakers but let s go cavs lol
0,viennah yay i m happy for you with your job but that also means less time for me and you 
0,usrname_gem my primary debit card is visa electron 
0,star trek was as good as everyone said 
0,did not realize there is a gym above safeway 
0,spring break in plain city it s snowing 
0,i am happy for philip being at googleio today
0,how can you not love obama he makes jokes about himself 
0,higher physics exam tommorow not lookin forward to it much 
0,hoping the tummy rumbles go away soon 
0,according to the create a school notre dame will have 7 receivers in ncaa 10 at 84 or higher rating sweet 
0,the ever amazing psyop and goodby silverstein &amp partners for hp have to go play with after effects now 
0,saw the new night at the museum and i loved it next is to go see up in 3d
0,math review im going to fail the exam 
0,new blog post harvard versus stanford - who wins 
0,knights_ no no notice they told me i d be working tomorrow and then i called the agency to follow up and they said it was over 
0,just saw the new night at the museum movie it was okay lol 7 10
0,time warner cable is down again 3rd time since memorial day bummer 
0,getting eyebrows waxed more pain 
0,glad i didnt do bay to breakers today it s 1000 freaking degrees in san francisco wtf
0,i wouldn t say i m wayne rooney s biggest fan but these are the kind of stories everyone likes to read he s just made that little lads year top job
0,i think some people on here need to have a refresher on what is consent this is an excellent youtube clip to watch
0,beginning javascript and css development with jquery 
0,sony coupon code expires soon 
0,just changed my default pic to a nike basketball cause bball is awesome 
0, body of missing northern calif girl found police have found the remains of a missing northern california girl 
0,im sad now miss lilly
0,usrname where did you read about tethering support phil just at&amp t or will o2 be joining in 
0, and india missed out its 100th test victory n 10th consecutive win without a loss 
0,i think i may have a new favorite restaurant on our way to see night at the museum 2 
0,no picnic my phone smells like citrus 
0,here s a case study on how to use viral marketing to add over 10 000 people to your list 
0,insects have infected my spinach plant 
0,is eating home made yema
0,reading michael palin book the python years great book i also recommend warren buffet &amp nelson mandela s bio
0,ashleyac my donkey is sensitive about such comments nevertheless he d and me d be glad to see your mug asap charger is still awol 
0,mangaaa i hope they will increase the capacity fast yesterday was such a pain got the fail whale +15 times in 2 hours 
0,my exam went good usrname your prayers worked 
0,playing with curl and the twitter api
0,watching a programme about the life of hitler its only enhancing my geekiness of history 
0,ok so lots of buzz from io2009 but how lucky are they - a free g2 
0,our duck and chicken are taking wayyy too long to hatch 
0,obama is quite a good comedian check out his dinner speech on cnn very funny jokes 
0,agh snow 
0,phillies driving in the cadillac with the top down in cali win 5-3 - 
0,today i realized i am too good at hiding things even i can t find it 
0,just applied at safeway yeeeee 
0,time warner cable pulls the plug on the girlfriend experience - www tinyurl com m595fk 
0,lol gotta love all of the political rants here the reason these meme s rock is because they leave all of that crap out of it and just focus on the humor i m not advocating for denial or even ignorance about everyone s thoughts on their presidency but let s just take a minute to laugh at the genius of some of these memes they ve been making my days in the midst of the political rants 
0,how to track iran with social media 
0,januarycrimson sorry babe my fam annoys me too thankfully they re asleep right now muahaha evil laugh 
0,getting sick time for some hot tea studying and then sleeeep
0,watching night at the museum lmao
0,need a hug 
0,safeway offering mobile coupons 
0,angry_barista i baked you a cake but i ated it 
0,i am in pain my back and sides hurt not to mention crying is made of fail 
0,i think its hilarious not one of these muppets thought trump would win just shows how far from reality these peoples lives are people are sick of the political ruling classes and not just in america 
0,julieebaby awe i love you too 1 am here i miss you
0,highly recommend by malcolm gladwell
0,rt usrname rt usrname gm onstar now instantly sends accident location coordinates to 911 | gps obsessed 
0,night at the museum wolverine and junk food - perfect monday 
0,i m missing you babe but as long as your alive i m happy yawwwnn i m tired my love imma try to sleep hopefully you had a headstart
0,usrname i love you danny gokey 
